estado,pedidos,dias_medios,pct_atrasados,nota_media
AL,394,24.5,23.35,3.85
MA,712,21.4,19.24,3.83
PI,471,19.5,15.92,3.99
CE,1273,21.2,15.24,3.94
SE,334,21.4,14.97,3.91
BA,3229,19.2,13.72,3.93
RJ,12211,15.2,13.29,3.97
TO,273,17.7,12.82,4.15
PA,933,23.6,11.9,3.91
ES,1969,15.6,11.88,4.08
MS,699,15.6,11.59,4.16
PB,512,20.2,10.74,4.08
PE,1579,18.4,10.64,4.08
RN,471,19.3,10.62,4.15
SC,3519,14.9,9.63,4.13
GO,1946,15.6,7.97,4.1
DF,2070,13.0,7.1,4.13
RS,5326,15.3,7.1,4.19
MT,879,18.0,6.6,4.15
SP,40266,8.7,5.83,4.25
MG,11285,12.0,5.51,4.19
PR,4900,12.0,4.92,4.24
AM,144,26.4,4.17,4.24
RO,242,19.4,2.89,4.17
