estado,pedidos,faturamento,ticket_medio
SP,41128,5165166.12,125.59
RJ,12698,1811923.32,142.69
MG,11497,1573667.19,136.88
RS,5416,742809.68,137.15
PR,4982,676883.06,135.87
SC,3599,518578.28,144.09
BA,3344,507108.83,151.65
DF,2120,300886.45,141.93
GO,1998,287870.46,144.08
ES,2018,273532.13,135.55
PE,1643,261739.94,159.31
CE,1323,226264.06,171.02
PA,969,178821.12,184.54
MT,902,156313.53,173.3
MA,736,119291.62,162.08
MS,708,116754.65,164.91
PB,531,114874.1,216.34
PI,490,86660.09,176.86
RN,482,83034.98,172.27
AL,411,80314.81,195.41
SE,345,58920.85,170.79
TO,278,49407.99,177.73
RO,246,46031.64,187.12
AM,147,22356.84,152.09
AC,81,15982.95,197.32
AP,68,13474.3,198.15
RR,45,7739.44,171.99
